Titre,Prix,Localisation,Lien
1 200 000 CFA,,"location_onMarcory, Abidjan, Côte d...",
1 300 000 CFA,,"location_onMarcory, Abidjan, Côte d...",
65 000 000 CFA,,"location_onAbidjan, Côte d'Ivoire",
450 000 CFA,,"location_onCocody, Abidjan, Côte d'...",
400 000 CFA,,"location_onAbidjan, Côte d'Ivoire",
Prix sur demande,,"location_onCocody, Abidjan, Côte d'...",
45 000 000 CFA,,"location_onCocody, Abidjan, Côte d'...",
400 000 CFA,,"location_onCocody, Abidjan, Côte d'...",
300 000 CFA,,"location_onCocody, Abidjan, Côte d'...",
1 800 000 CFA,,"location_onCocody, Abidjan, Côte d'...",
